,Users
0,MALEK
1,@kingmalek15
2,Ù…Ø´Ø§Ø¹Ù„ Ø§Ù„Ø³Ù„Ø§Ù…
3,@Mashail_bright
4,alperen cakir
5,@CakirOlmal1234
6,aof love may
7,@aof_may
8,Reza Triameliani
9,@Reza_ameliani
10,ã‚„ã™
11,@yshrx911
12,èµ¤æ¾å…¬æ´‹
13,@HZyWrJBzISliGzC
14,SBS ë‰´ìŠ¤
15,@SBS8news
16,Redbrick
17,@RedbrickLand
18,aramco
19,@aramco
20,hima taufal
21,@himataufal
22,
23,@aguusj26
24,Ø§Ø¨Ùˆ Ø¹Ø¨Ø¯Ø§Ù„Ø¹Ø²ÙŠØ²
25,@abuazooz1384
26,Ù†Ø§ÙˆÙŠ Ù…Ø­Ù…Ø¯
27,@skaka00981
28,Ø§Ø­Ù…Ø¯ Ø§Ù„Ø§Ø³Ù…Ø±
29,@KJCwm9BERlAYgLT
30,ç§»è¡Œã—ã¾ã™ã‚ã‚ŠãŒã¨ã†ã”ã–ã„ã¾ã—ãŸ
31,@yuki5_101
32,***Ø§Ø¨ÙˆÙ†Ù…Ø±***
33,@eb4cba558f34406
34,karen corazhona
35,@corazhona
36,ØªÙ… Ø­Ø°Ù Ø§Ù„Ø­Ø³Ø§Ø¨ ...~
37,@A_ddd22
38,Boy rudi
39,@Boyrudi2
40,ykchukisk
41,@keisuke120226
42,Reyna jimenez
43,@Jimenereyn
44,Ù‰Ø¹Ø§ØºØ¹
45,@fserraes
46,yasemin1905
47,@yasemin19053
48,rem
49,@reem91292107
50,just me
51,@sweetsballgirl
52,tatlikiz
53,@KtlTatlikiz
54,Shawn pole
55,@PoleShawnerman
56,nisa karagÃ¼lle
57,@nisa_karaglle
58,MALEK
59,@kingmalek15
60,Ù…Ø´Ø§Ø¹Ù„ Ø§Ù„Ø³Ù„Ø§Ù…
61,@Mashail_bright
62,alperen cakir
63,@CakirOlmal1234
64,aof love may
65,@aof_may
66,Reza Triameliani
67,@Reza_ameliani
68,ã‚„ã™
69,@yshrx911
70,èµ¤æ¾å…¬æ´‹
71,@HZyWrJBzISliGzC
72,Ø±Ø¶Ø§ Ø±Ø¨ÙŠØ¹ Ø§Ù„Ø³Ù„ÙŠÙ…Ø§Ù† 
73,@redarbeh
74,Ø³Ø¹Ø¯ Ø®Ø§Ù„Ø¯ Ø§Ù„Ø³Ø¹ÙŠØ¯Ø§Ù†
75,@KlidSa3ad
76,nuglyeliz sanchez
77,@nuglyeliz
78,active884
79,@LaylaLovesMyles
80,parikshitsika
81,@parikshitsika2
82,beth hagadone
83,@daughteraking
84,foodoo_23
85,@Goofo23
86,A
87,@squer99
88,Ø¨Ù†ÙˆØ±Ù‡ Ù†Ù‡ØªØ¯ÙŠ 
89,@skaa220
90,Ø§Ø³Ù…Ø± 
91,@Moonailllll
92,V.neelakantam
93,@NeelakantamV
94,Ø§Ø¢Ù†ÙŠÙ‚Ù‡Û ~
95,@zoooz141544
96,@leighdaya
97,phipos patinasarani
98,@PPatinasarani
99,Mohamad Otb
100,@OtbMohamad
101,Siti Fatimah
102,@Fatimah66852246
103,Elif Rana Bayram
104,@elif878
105,.
106,@viiil14
107,ØµØ§Ù„Ø­ Ø§Ù„Ø²Ù‡Ø±Ø§Ù†ÙŠ
108,@sosososososhvgk
109,ÙŠØ§Ø±Ø§ Ø£Ø­Ù…Ø¯
110,@alatoun63
111,Phelelani khulekani
112,@Phelelanikhulek
113,Chansa mubanga
114,@chansa_mubanga
115,rajnish verma
116,@testraj3811
117,Hearts
118,@Lopyra
119,Josef_Jackson
120,@25_Josef
121,nayaktdanya
122,@nayaktdanya1
123,æ¸š
124,@CRAGYBOYGGRKS
125,Dhearahman
126,@dhearahman2
127,Heart broken aman
128,@Heartbrokenaman
129,Ø¹Ø¨Ø¯Ø§Ù„Ù…Ø­Ø³Ù† Ø²Ù†Ø§Ù†
130,@FhfyuHgh
131,Veronica Mariano
132,@gracia_kutie05
133,Ø§Ø³ÙŠØ± Ø§Ù„Ø­Ø¨
134,@ttata5085
135,joojoo
136,@joojoo1234abc
137,Brandon Lee
138,@LSharklee1
139,MÃ¼zeyyen ertÃ¼rk
140,@muzeyyen_erturk
141,ì‚¬ë¥œì•ˆê°€ì¦ˆì•„
142,@sarunan84
143,tugÃ§e mustafa
144,@tugemustafa2
145,marvell 01
146,@marvell_01
147,à¸§à¸£à¸²à¸¢à¸¸à¸—à¸˜  à¸›à¸±à¸•à¸—à¸°à¸™à¸µ
148,@Warayuf7786
149,vishalrajput
150,@vishalrajput191
151,SBS ë‰´ìŠ¤
152,@SBS8news
153,Redbrick
154,@RedbrickLand
155,aramco
156,@aramco
157,middlecat.bnb
158,@JohnDesni
159,samyoung.bnb
160,@BPfd1762
161,mousepig.bnb
162,@amiyah_drake
163,George
164,@FranzzChristian
165,mryoon.bnb
166,@aprilcl85210757
167,newyorkman.bnb
168,@janisjoplin131
169,SBS ë‰´ìŠ¤
170,@SBS8news
171,Redbrick
172,@RedbrickLand
173,aramco
174,@aramco
175,Mari
176,@JadenNavy
177,Andrea Younghouse
178,@AYounghouse
179,lululemons.bnb
180,@DannyDever3
181,symmons.bnb
182,@darabkhan67
183,oriham.bnb
184,@Ali_M1001
185,oripasta.bnb
186,@tuberman_15
187,SBS ë‰´ìŠ¤
188,@SBS8news
189,Redbrick
190,@RedbrickLand
191,aramco
192,@aramco
193,lionfox.bnb
194,@McQeen_43
195,pixyfox.bnb
196,@MoreYael12345
197,rightthere.bnb
198,@nataliaorjuela6
199,barometer.bnb
200,@Fajaranwar6
201,sanghunpark.bnb
202,@sierra_makeup_
203,takeachance.bnb
204,@Team_Tahan
205,SBS ë‰´ìŠ¤
206,@SBS8news
207,Redbrick
208,@RedbrickLand
209,aramco
210,@aramco
211,lester_ZTX
212,@lesterwolfe93
213,ralph_ZTX
214,@RalphRalphlopez
215,bangsi_ZTX
216,@JohnstoWillie
217,adam gray_ZTX
218,@adamgra64288345
219,goomi88
220,@zuhlif
221,jacobgomez
222,@jacobgo02739978
223,SBS ë‰´ìŠ¤
224,@SBS8news
225,Redbrick
226,@RedbrickLand
227,aramco
228,@aramco
229,juan gomez
230,@juangom89755474
231,joe price_ZTX
232,@joepric39636167
233,oenwp_ZTX
234,@celilov_1234
235,timothy_ZTX
236,@timothy15056183
237,patrick/ZTX
238,@patrick63912514
239,bryant /ZTX
240,@alexand97541369
241,brandon kelly / ZTX
242,@brandon73363840
243,kudpa_ZTX
244,@KudpaH
245,ericburton_ZTX
246,@ericbur87417670
247,jacobperez_ZTX
248,@jacobpe11753539
249,hiveent_ZTX
250,@pontaro_0429
251,marcusb_ZTX
252,@marcusbaldwin41
253,xuhlo_ZTX
254,@XMaloq
255,lester_ZTX
256,@lesterwolfe93
257,ralph_ZTX
258,@RalphRalphlopez
259,bangsi_ZTX
260,@JohnstoWillie
261,adam gray_ZTX
262,@adamgra64288345
263,goomi88
264,@zuhlif
265,jacobgomez
266,@jacobgo02739978
267,garysoto
268,@garysot86185631
269,kazemu_ZTX
270,@jjajangkyun
271,tuluami_ZTX
272,@jacobre74237078
273,powme_ZTX
274,@PustaxE
275,nuthings_ZTX
276,@ipad_404
277,gotosleep_ZTX
278,@LekzoB
279,funnyfolks.bnb
280,@pshun90
281,Brian
282,@Koko13161
283,Edward
284,@Rima73907816
285,Daniel
286,@HjbjljHjbbjv
287,David
288,@jhunbhert123
289,Edward
290,@nooooouuu
291,Jason
292,@himmet_0
293,ğ™’ğ™ğ™¡ğ™¡ğ™ğ™–ğ™¢
294,@Jackeisy_14
295,Ronald
296,@Katabacotan1
297,Joseph
298,@talal76745087
299,James
300,@andresdavidnioc
301,Mark
302,@lamjde
303,David
304,@loganschultz11
305,Richard
306,@jody07kurniawan
307,Brian
308,@parkchan_02
309,Brian
310,@qwenkahmad
311,Daniel
312,@sh_6j
313,Mark
314,@Hah21Hasan
315,Ennis Kim
316,@EnnisKim168947
317,Schmitz Vick
318,@SchmitzVic52146
319,Thompson Jack
320,@ThompsonJa28891
321,Randy Wood
322,@randy76595
323,Mark
324,@monish44866912
325,Steven
326,@Girl_Moon9
327,Hebert King
328,@HebertKing74037
329,Franklin John
330,@Frankli93958051
331,Williams Dean
332,@WilliamsDe34706
333,William Lee
334,@WilliamLee64820
335,?
336,@nike__po
337,ğ™¹ğš˜ğšœğšğš™ğš‘
338,@Jae_0929
339,Anthony
340,@JPPinad
341,Ronald
342,@SafaeSafaejouha
343,"kimdejuk (, )/ | Suiswap"
344,@kkk12113483
345,Robert
346,@Qwer135794
347,SBS ë‰´ìŠ¤
348,@SBS8news
349,Redbrick
350,@RedbrickLand
351,aramco
352,@aramco
353,Joseph
354,@talal76745087
355,James
356,@andresdavidnioc
357,Mark
358,@lamjde
359,David
360,@loganschultz11
361,Richard
362,@jody07kurniawan
363,Brian
364,@parkchan_02
365,Brian
366,@qwenkahmad
367,Daniel
368,@sh_6j
369,Mark
370,@Hah21Hasan
371,Ennis Kim
372,@EnnisKim168947
373,Schmitz Vick
374,@SchmitzVic52146
375,Thompson Jack
376,@ThompsonJa28891
377,Randy Wood
378,@randy76595
379,Mark
380,@monish44866912
381,Steven
382,@Girl_Moon9
383,Hebert King
384,@HebertKing74037
385,Franklin John
386,@Frankli93958051
387,Williams Dean
388,@WilliamsDe34706
389,William Lee
390,@WilliamLee64820
391,?
392,@nike__po
393,ğ™¹ğš˜ğšœğšğš™ğš‘
394,@Jae_0929
395,Anthony
396,@JPPinad
397,Ronald
398,@SafaeSafaejouha
399,"kimdejuk (, )/ | Suiswap"
400,@kkk12113483
401,Robert
402,@Qwer135794
403,
404,@0v0dy
405,Jeff
406,@sho_oge
407,Christopher
408,@mercerdes12
409,SlamDunk
410,@cwNor4BTTMakJHc
411,Lora
412,@Lora_jdu
413,SunSHINE
414,@sun_shine5011
415,William
416,@CLcBandung
417,Steven
418,@xjdkjuf1
419,Kevin
420,@73Sulmaz
421,Edward
422,@moshah9998
423,Michael
424,@SabesQueTe
425,John
426,@dilipgfx
427,marlia choi
428,@marliachoi
429,Lodola
430,@Lodola03181974
431,Aquib
432,@aquibiqbal21
433,Kristi
434,@bbuffy261
435,@endah_semangat
436,@endah_semangat
437,silvia
438,@silviakristin14
439,Greta Annita
440,@greta_annita
441,Babaniya mustapha 
442,@Babaniyamustaph
443,Diego SÃ¡nchez
444,@JoseDiegoSM7
445,Sirenita Linda
446,@SirenitaLinda9
447,Lauren 
448,@laurenj34628286
449,Cikolataaa
450,@Cikolataaa3
451,á´á´€Ê€á´‹
452,@C3Clan1
453,ğ“ğ“·ğ“½ğ“±ğ“¸ğ“·ğ”‚
454,@KriddleM
455,Michael
456,@terrigc9
457,William
458,@mat_talbot
459,ACSPALMAN
460,@acspalman
461,muyri kim
462,@MuyriK
463,ì§€ë¢°ë¨¸í•€
464,@wlfhl2
465,íˆ¬ë¦¬ì–¼
466,@CITF8SBX2X88733
467,ë¹„íŠ¸ê³ ìˆ˜
468,@dongyou06057363
469,ë°•ëª…ìˆ˜ íˆ¬
470,@w7UCuhrBc354582
471,ê¹€í¬ê±´
472,@rlvh55
473,ê¹€ì¢…ìƒ
474,@gimjongsang3
475,John
476,@qwer3zoooz
477,Paul
478,@M999Moode
479,íˆ¬íˆ¬ê²½
480,@QTIZf6q8w540313
481,dong dong
482,@rionnew04
483,SBS ë‰´ìŠ¤
484,@SBS8news
485,Redbrick
486,@RedbrickLand
487,aramco
488,@aramco
489,Kristi
490,@bbuffy261
491,@endah_semangat
492,@endah_semangat
493,silvia
494,@silviakristin14
495,Greta Annita
496,@greta_annita
497,Babaniya mustapha 
498,@Babaniyamustaph
499,Diego SÃ¡nchez
500,@JoseDiegoSM7
501,Sirenita Linda
502,@SirenitaLinda9
503,Lauren 
504,@laurenj34628286
505,Cikolataaa
506,@Cikolataaa3
507,á´á´€Ê€á´‹
508,@C3Clan1
509,ğ“ğ“·ğ“½ğ“±ğ“¸ğ“·ğ”‚
510,@KriddleM
511,Michael
512,@terrigc9
513,William
514,@mat_talbot
515,ACSPALMAN
516,@acspalman
517,muyri kim
518,@MuyriK
519,ì§€ë¢°ë¨¸í•€
520,@wlfhl2
521,íˆ¬ë¦¬ì–¼
522,@CITF8SBX2X88733
523,ë¹„íŠ¸ê³ ìˆ˜
524,@dongyou06057363
525,ë°•ëª…ìˆ˜ íˆ¬
526,@w7UCuhrBc354582
527,ê¹€í¬ê±´
528,@rlvh55
529,ê¹€ì¢…ìƒ
530,@gimjongsang3
531,John
532,@qwer3zoooz
533,Paul
534,@M999Moode
535,íˆ¬íˆ¬ê²½
536,@QTIZf6q8w540313
537,dong dong
538,@rionnew04
539,sixdong kim
540,@Sixdongkim
541,fadiro emmanuel
542,@FadiroEmmanuel
543,Richard
544,@EIDA21113
545,Michael
546,@nadaalawady71
547,ë°•ê°€ë¦°
548,@youidid654
549,George
550,@Fira_Fiona
551,Ronald
552,@Chandan07783043
553,Charles
554,@TuuYoo123
555,Michael
556,@gusjung18
557,John
558,@umasil301
559,ì—í¬í¬
560,@ekeukeu113314
561,John
562,@rojroberto
563,Joseph Sean
564,@JosephS11916021
565,Charles
566,@elang_wers
567,Chartier Hite
568,@ChartierHi6301
569,Christopher
570,@MieannSalarda
571,í•˜ì´ìš”
572,@haiyo01054416
573,ì´ì•¼ì´
574,@iyai8308538507
575,ë‹ˆì•„ì•¼
576,@niaya63175
577,ë‹ˆì•„
578,@nia68260981977
579,ì´ë°”ë¶€
580,@ibabu4153484424
581,ê¸°ë§¤ë¹„
582,@gimaebi46891
583,ê¸°ë°”ë¶€ë¶€
584,@gibabubu
585,ì•„ë°”ì´
586,@abai07583857
587,ë„ˆë¹„ì¹´
588,@neobika1
589,ê°€êµ¬ì¡°
590,@gagujo1
591,ìêµ¬ë°”
592,@jaguba6
593,ê¸°ëª¨ë¶€
594,@gimobu1
595,ê¸°ê³ 
596,@gigo71511095
597,pkn7979
598,@lettee79
599,ì´ì•„ì´ë§ˆ
600,@iaima5
601,ë¹„ë² ì˜¤
602,@bibe_o
603,ì•„ë‹ˆì•¼
604,@aniya9907859871
605,Cheek Felix
606,@CheekFelix25385
607,ğ”“ğ”ğ”²ğ”©
608,@Wildfox30
609,Hensley King
610,@hensley_ki27217
611,Richard
612,@Trader_brooks
613,Kevin
614,@TimTechBrewer
615,ğŸ…¹ğŸ†‚ğŸ…½
616,@taylorcaniff_13
617,ğ“’ğ“±ğ“»ğ“²ğ“¼ğ“½ğ“¸ğ“¹ğ“±ğ“®ğ“»
618,@shammaraboyd
619,SBS ë‰´ìŠ¤
620,@SBS8news
621,Redbrick
622,@RedbrickLand
623,aramco
624,@aramco
625,Kenneth
626,@GKn8DFmY9yihnYZ
627,George
628,@joun52747330
629,Joseph
630,@ost1290
631,ğ‰ğ¨ğ¬ğğ©ğ¡
632,@hayayuta0910
633,Brian
634,@mohamad87877013
635,Paul
636,@GOODMUSICHQ1233
637,Ronald
638,@mossa48219503
639,SBS ë‰´ìŠ¤
640,@SBS8news
641,Redbrick
642,@RedbrickLand
643,aramco
644,@aramco
645,Mark
646,@DsNakagawa1234
647,ğğ«ğ¢ğšğ§
648,@LDacoycoy
649,ğŸ…²ğŸ…·ğŸ†ğŸ…»ğŸ…´ğŸ†‚
650,@lagartojuan31
651,ğŸ††ğŸ…¸ğŸ…»ğŸ…»ğŸ…¸ğŸ…¼
652,@Ladycoco512
653,ğ“¡ğ“¸ğ“·ğ“ªğ“µğ“­
654,@kobe4mvp08
655,ğ™ğ™ğ™˜ğ™ğ™–ğ™§ğ™™
656,@KgSongstress
657,ğŒğšğ«ğ¤
658,@KenyaStopps
659,Hubbard Allan
660,@HubbardAll8790
661,James Guy
662,@JamesGuy112878
663,Paul
664,@KanonVidal
665,Donald
666,@JustinBeckerV1
667,Charles Luis
668,@CharlesLui27122
669,Edward
670,@johnappppleseed
671,Michael
672,@jodee235
673,ğŸ…¹ğŸ†‚ğŸ…´ğŸ…·
674,@jeromebuggy
675,Kenneth
676,@GKn8DFmY9yihnYZ
677,George
678,@joun52747330
679,Joseph
680,@ost1290
681,ğ‰ğ¨ğ¬ğğ©ğ¡
682,@hayayuta0910
683,Brian
684,@mohamad87877013
685,Paul
686,@GOODMUSICHQ1233
687,Ronald
688,@mossa48219503
689,ğ”ğ”ğ”°ğ”¬ğ”«
690,@FranciscoChirap
691,Jason
692,@ibrahimkaymak13
693,David
694,@florenciaa1996
695,George
696,@ezire2011
697,ğ“ğ“·ğ“½ğ“±ğ“¸ğ“·ğ”‚
698,@esujo2103
699,Cross69111
700,@cross69111
701,Ronald
702,@Www23Saud
703,Daniel
704,@wwwxxxxsxsxw
705,Ronald
706,@dstitt420
707,ğ™¹ğšğšğš
708,@Drdlbrown
709,Daniel
710,@Get_inGet_out
711,Charles
712,@ibebo_M
713,ğŸ…³ğŸ…½ğŸ…¸ğŸ…´ğŸ…»
714,@Cuznpete_713
715,ğŸ…¼ğŸ†ğŸ…º
716,@cicibell1
717,Rall Lee
718,@rall_lee12434
719,ë¯¸ë§ˆë‹ˆ
720,@mimani55561776
721,ğ™…ğ™–ğ™¢ğ™šğ™¨
722,@champberlaikafe
723,ğ™¹ğš˜ğš‘ğš—
724,@Savanna19356314
725,á´Šá´€sá´É´
726,@BrookeKleman
727,George
728,@borikim81
729,ğ™¿ğšŠğšğš•
730,@screwcameron
731,Edward
732,@AshleyG2014
733,William
734,@atiyhesaleh
735,ğ•®ğ–ğ–—ğ–ğ–˜ğ–™ğ–”ğ–•ğ–ğ–Šğ–—
736,@MehF1n3h
737,William
738,@AracelydOrriols
739,Brian
740,@annatechn
741,ì—´ê½ƒ
742,@jaehoon3531
743,í˜í¼ë¯¼íŠ¸ë¼ë–¼
744,@best01222
745,Ronald
746,@teni_oshe
747,David
748,@yuth_phalencia
749,Donald
750,@Flem11112009Sex
751,Anthony
752,@xzcno
753,Christopher
754,@bodyy_ghost
755,Kevin
756,@biggwinn0000
757,six | 2030six.bnb
758,@Jobangul
759,ê¶Œë¯¼ì„ì˜ ì¶•êµ¬ì‚¬ë‘ ëª…ì–¸ì œì¡°ê¸°
760,@leteulowoldeu
761,Kim
762,@ssomi1439
763,per
764,@dsme2012
765,myokds3 
766,@myokds
767,SBS ë‰´ìŠ¤
768,@SBS8news
769,Redbrick
770,@RedbrickLand
771,aramco
772,@aramco
773,á´Šá´€sá´É´
774,@BrookeKleman
775,George
776,@borikim81
777,ğ™¿ğšŠğšğš•
778,@screwcameron
779,Edward
780,@AshleyG2014
781,William
782,@atiyhesaleh
783,ğ•®ğ–ğ–—ğ–ğ–˜ğ–™ğ–”ğ–•ğ–ğ–Šğ–—
784,@MehF1n3h
785,William
786,@AracelydOrriols
787,Brian
788,@annatechn
789,ì—´ê½ƒ
790,@jaehoon3531
791,í˜í¼ë¯¼íŠ¸ë¼ë–¼
792,@best01222
793,Ronald
794,@teni_oshe
795,David
796,@yuth_phalencia
797,Donald
798,@Flem11112009Sex
799,Anthony
800,@xzcno
801,Christopher
802,@bodyy_ghost
803,Kevin
804,@biggwinn0000
805,six | 2030six.bnb
806,@Jobangul
807,ê¶Œë¯¼ì„ì˜ ì¶•êµ¬ì‚¬ë‘ ëª…ì–¸ì œì¡°ê¸°
808,@leteulowoldeu
809,Kim
810,@ssomi1439
811,per
812,@dsme2012
813,myokds3 
814,@myokds
815,Jung
816,@Junggh7
817,para_gandam
818,@para_gandam
819,good | pantion.bnb 
820,@MatdaSram
821,ê°•ì„±ìˆ˜
822,@imsungsuda
823,ê¹€ê¸°ì¤‘
824,@gjungpo
825,ì‚°ì´
826,@sanistardust
827,í˜¸ì§„
828,@hojinnan
829,cloudsori
830,@cloudsorisu
831,í•˜ì´ìš”
832,@YT66993229
833,ğ•¯ğ–†ğ–“ğ–ğ–Šğ–‘
834,@angelieeann
835,ë‚˜ìœ¼
836,@naeu43064715
837,Brian
838,@AdYos5
839,Charles
840,@acharliej
841,ğ•°ğ–‰ğ–œğ–†ğ–—ğ–‰
842,@Cristia69971040
843,ê°•ë°ˆ
844,@usmjkr
845,Mark
846,@abc2334apple
847,Edward
848,@Thatguy5369
849,á´Šá´ÊœÉ´
850,@youngpatriot3
851,ì¥ì„±ë¯¼
852,@jangseo82439522
853,gieyoung
854,@hoypoy777
855,favfav
856,@favfav678
857,suvoomiya Sikku
858,@suvoomiya79421
859,coffeeholic
860,@coffeeholic222
861,ê³ ê¸°ê³ ê¸°ìš©
862,@gogossijy
863,ê¹€ë¯¼ì •
864,@gmim851021
865,L1mbo
866,@L1mboforest
867,Raju Ahmed
868,@Theminantheroom
869,ì´ì˜ì£¼ë‹¹
870,@lyjdang
871,á„‹á„‹
872,@AFYwGbCiUV80487
873,hanjiwon
874,@hanjiwon4983
875,ì½©ë‹¥ì½©ë‹¥
876,@bladeneee
877,LeeSangbin
878,@sangbineyeyo
879,responsibility of father.
880,@javayo1
881,minmsook
882,@minmsook2020
883,cheon. |SuiDex
884,@chani147258
885,Albert The Curious Cat.eth
886,@AlbertTheCurio3
887,Shopify
888,@Shopify54134464
889,Natureprovider.eth.eth
890,@Naturep53744268
891,ayfercee EST 98
892,@Ayfercee9
893,á´á´‡Êœá´á´‡á´› Ê™á´‡êœ±ÉªÊ€ÊŸÉª ATATÃœRK-GALATASARAY
894,@ATATRKG99825618
895,SBS ë‰´ìŠ¤
896,@SBS8news
897,Redbrick
898,@RedbrickLand
899,aramco
900,@aramco
901,gina cimarrusti.eth
902,@CimarrustiEth
903,Web3 Antivirus.eth
904,@AntivirusEth
905,Ezequiel
906,@Ezequie04707981
907,Lee
908,@Lee558430288549
909,avaaaaart.eth  Available Editions on KO
910,@AvaaaaartK
911,Polygon Ape Yacht Club
912,@polygon_ape
913,SBS ë‰´ìŠ¤
914,@SBS8news
915,Redbrick
916,@RedbrickLand
917,aramco
918,@aramco
919,Kristina
920,@Kristin27837587
921,Annalise
922,@Annalis67997027
923,@jackbutcher.eth
924,@jackbutchereth1
925,O4.eth
926,@O4Eth
927,PAX
928,@PAX55484562
929,Nana Nisa .eth
930,@NanaNisaeth1
931,SBS ë‰´ìŠ¤
932,@SBS8news
933,Redbrick
934,@RedbrickLand
935,aramco
936,@aramco
937,Oats Overnight
938,@OatsOve92579025
939,Xavier
940,@Xavier17544207
941,Masnehoc.eth 
942,@Masneho62163713
943,The Wall Street Journal.eth
944,@TheWall25021077
945,The Wall Street Journal
946,@TheWall68270278
947,NawaFX
948,@NawaFX81862419
949,Crypto Bushi áµáµ.eth
950,@CryptoBushieth2
951,$BasedKojakk 
952,@BasedKojakk2
953,FabFitFun
954,@FabFitF63199245
955,ğ”“ğ”ğ”²ğ”©.eth
956,@eth80177122
957,Lauren S.eth
958,@LaurenSeth4
959,Karpuzcu
960,@Karpuzc91892408
961,Kristina
962,@Kristin27837587
963,Annalise
964,@Annalis67997027
965,@jackbutcher.eth
966,@jackbutchereth1
967,O4.eth
968,@O4Eth
969,PAX
970,@PAX55484562
971,Nana Nisa .eth
972,@NanaNisaeth1
973,mbf.eth
974,@mbfeth6
975,Fethi Can
976,@FethiCa47421903
977,Hamza
978,@Hamza96811455
979,Justin Bourgeois
980,@JustinB7708497
981,Tomoyun.eth
982,@eth_tomoyun
983,Lorenza
984,@Lorenza14277365
985,Ali
986,@Ali48378335
987,crazy_nft_0
988,@crazynft03
989,Vara Prasad Satti
990,@satti_vara
991,art22es
992,@art22es1
993,"neo | Sisu Network I Little Gorillaso ,"
994,@neo_sisu26318
995,BEAUTEOUS GIRL NFT I MINT 1-4-2023.eth
996,@beauteous_18470
997,Vet.Hek. Hami Ã–ZDOÄAN
998,@HamiHek
999,bnull.eth
1000,@EthBnull
1001,TacoTribe.eth à¼¼ à¸‡ âŠ™á´—âŠ™ï½¡à¼½à¸‡ 
1002,@TacoTribeeth2
1003,Warriors Of Aradena Bot.eth
1004,@WarriorsAradena
1005,Master Hassan - Hussain
1006,@MasterHassanHu1
1007,Scott
1008,@Scott19328726
1009,Mi Ga.eth
1010,@MiGaeth5
1011,EggCooker.eth
1012,@EggcookerE
1013,airamar23.loopring.eth
1014,@Airamar23E
1015,Quickbit Crypto Boutique
1016,@QuickbitCrypt13
1017,Odell
1018,@Odell0373477287
1019,Rosque.eth .eth
1020,@eth_rosque
1021,Jada
1022,@Jada95946896
1023,Bud
1024,@Bud603735276586
1025, meli | NFT.NYC
1026,@meliNFTNYC3
1027,Hakan Erdinc
1028,@HakanErdinc18
1029,CR7 NFT.eth
1030,@cr7_eth76120
1031,eme
1032,@eme90545905
1033,PUNKS X ANIME.eth
1034,@PUNKSXANIMEeth1
1035,I.BÃ¼lent SEÃ‡KIN 
1036,@IBlentSEKIN6
1037,Henry
1038,@Henry27606178
1039,moppy | Web3 Challenger.eth
1040,@MoppyEth
1041,SÄ°LSÄ°LEYÄ° NURANÄ°YE
1042,@SNuraniye
1043,G G.eth
1044,@GGeth91663062
1045,DISCOBOT NFT (First Mint Alerts).eth
1046,@DISCOBO54129721
1047,The Wall Street Journal.eth
1048,@TheWall35856504
1049,Inai.Web3
1050,@InaiWeb3
1051,Sony Pictures Italia
1052,@SonyPic97244052
1053,SBS ë‰´ìŠ¤
1054,@SBS8news
1055,Redbrick
1056,@RedbrickLand
1057,aramco
1058,@aramco
1059,Elena.eth
1060,@Elenaet80830806
1061,Emmett
1062,@Emmett27995216
1063,Son Dakika | En Son Haberler
1064,@SonDakikaEnSo10
1065,Turtle Connection.eth
1066,@eth_connection
1067,Tressa
1068,@Tressa35863620
1069,Ğ¡Ğ°ÑˆĞ° Ğ’Ğ¾Ğ½Ğ°Ğ²Ğ¸Ğ»Ğ¾Ğº
1070,@vonavilok
1071,OYA KANTAR
1072,@OYAKANTAR4
1073,SBS ë‰´ìŠ¤
1074,@SBS8news
1075,Redbrick
1076,@RedbrickLand
1077,aramco
1078,@aramco
1079,BabyDogeCoin LIVE.eth
1080,@BabydogecoinEth
1081,Edd
1082,@Edd125292469756
1083,GÃ¶rkem Dur Ã–ztÃ¼rk
1084,@gorkem_dur
1085,hic etik degil
1086,@hicetikdegil12
1087,UlaÅŸamayanlar
1088,@Ulaamayanlar5
1089,Opensea  | Core Chain.eth
1090,@OpenseaCore
1091,Sami ÅAHÄ°N
1092,@SamiAHN10
1093,SBS ë‰´ìŠ¤
1094,@SBS8news
1095,Redbrick
1096,@RedbrickLand
1097,aramco
1098,@aramco
1099,Art Blocks (Bot).eth
1100,@bot_blocks
1101,GWG_DAO 
1102,@GWGDAO18220426
1103,Aisha Aileen Nathania.eth
1104,@NathaniaEth
1105,KristineNovak.eth
1106,@KristineNo18834
1107,Serdar BEKTAÅ
1108,@SerdarB35978239
1109,Tiny Gotsi NFT.eth
1110,@GotsiEth
1111,ã‚.eth
1112,@eth601818370129
1113,Coty
1114,@Coty71302610214
1115,vpnlegacy.bnb
1116,@VpnlegacyB
1117,Ãâ‚³rkGyarados.ETH âŸ 
1118,@rkgyarados
1119,AriGreenberg.eth âŒâ—¨-â—¨.eth
1120,@ArigreenbergEth
1121,BabyDogeCoin LIVE.eth
1122,@BabydogecoinEth
1123,Edd
1124,@Edd125292469756
1125,GÃ¶rkem Dur Ã–ztÃ¼rk
1126,@gorkem_dur
1127,hic etik degil
1128,@hicetikdegil12
1129,UlaÅŸamayanlar
1130,@Ulaamayanlar5
1131,Opensea  | Core Chain.eth
1132,@OpenseaCore
1133,Sami ÅAHÄ°N
1134,@SamiAHN10
1135,Tanya Forgues.eth
1136,@EthForgues
1137,CoinGeek
1138,@CoinGeek4
1139,Mesut CÄ°HANBEYLÄ°Ä°
1140,@MesutCHANBEYL1
1141,My name is ben
1142,@Mynamei67959383
1143,Kadir
1144,@Kadir67062124
1145,Ganchitecture | NFT PARIS 24-25 FEB 2023
1146,@Ganchitecture2
1147,WordPress.com.eth
1148,@WordPre34446867
1149,Mustafa âƒ 
1150,@Mustafa55114952
1151,FLY
1152,@FLY56580367
1153,Nahali.eth
1154,@eth_nahali
1155,The Wall Street Journal
1156,@TheWall95634796
1157,G123
1158,@G12349112790
1159,MinorityProgrammers.eth
1160,@MinorityProgra1
1161,Mipta Hossain
1162,@HossainMipta
1163,Movani Boutique
1164,@MovaniB45040615
1165,Geovanni
1166,@Geovann60777764
1167,æ•£æˆ·æ’¸æ¯›ä¹‹é“ .eth
1168,@eth79822869
1169,Recep Tayyip ErdoÄŸan
1170,@RecepTa42263287
1171,Cryptochess Club
1172,@CryptochessC
1173,Kenny-web3.eth
1174,@Kennyweb3eth1
1175,Can
1176,@Can47965265
1177,Family First Life
1178,@FamilyF82868777
1179,VÃ¢n Nam.eth
1180,@VnNameth1
1181,Jamel
1182,@Jamel98537365
1183,ERDÄ° SEN
1184,@ERDSEN1
1185,FasistErdoganTerÃ¶rÃ–rgÃ¼tÃ¼
1186,@TerorFasist
1187,TURKTIME
1188,@TURKTIME5
1189,Webull.eth
1190,@Webulle63324776
1191,Kaci
1192,@Kaci50058176823
1193,Omid | mrdexlar.eth/tez NFT.NYC 2023
1194,@OmidTez
1195,Murat Ozgul
1196,@MuratOz92869138
1197,murat
1198,@murat31380421
1199,Retha
1200,@Retha4201829732
1201,VeeFriends Sales Bot.eth
1202,@VeeFriendsSale9
1203,The Wall Street Journal
1204,@TheWall22539885
1205,Ruthe
1206,@Ruthe1086978
1207,Perimeter 81
1208,@Perimet84901742
1209,Kyle
1210,@Kyle57796561
1211,maxigg.eth .eth
1212,@maxigg47182
1213,Capgemini
1214,@Capgemi36488042
1215,SBS ë‰´ìŠ¤
1216,@SBS8news
1217,Redbrick
1218,@RedbrickLand
1219,aramco
1220,@aramco
1221,AZIZ AIRDROP BD
1222,@AZIZAIRDROPBD2
1223,Austin hudnall.eth
1224,@EthHudnall
1225,Kathlyn
1226,@Kathlyn00659453
1227,WordPress.com
1228,@WordPre27893513
1229,Web3æ¬è¿å·¥è€å’Œ
1230,@Web394171966
1231,ãƒ¬ã‚¤ ï½œã‚Šã‚‰ããƒ¼ã‚‹ãŒãƒ¼ã‚‹é‹å–¶ï½œNFTãƒ–ãƒ­ã‚¬ãƒ¼
1232,@NFT49342827
1233,SBS ë‰´ìŠ¤
1234,@SBS8news
1235,Redbrick
1236,@RedbrickLand
1237,aramco
1238,@aramco
1239,Ã‡etin
1240,@etin38661824
1241,`ndaa || freetag .eth
1242,@NdaaEth
1243,DRIFTSturmkind
1244,@DRIFTSt25909377
1245,Ãœlke IRMAK
1246,@lkeIRMAK4
1247,FARá´ºá¶ áµ€.eth
1248,@FarnftE
1249,elifhoca_636
1250,@Elifhoca636
1251,SBS ë‰´ìŠ¤
1252,@SBS8news
1253,Redbrick
1254,@RedbrickLand
1255,aramco
1256,@aramco
1257,tk_nft
1258,@tknft56522968
1259,ğŸ†ğŸ…¸ğŸ…²ğŸ…·ğŸ†ğŸ…³
1260,@1hHlJbwcIiAVdQ9
1261,e t o
1262,@eto84218454
1263,MitchÂ¥ 
1264,@Mitch01045961
1265,Zahra Safari.eth
1266,@ZahraSafarieth1
1267,ersin
1268,@ersin09444583
1269,SBS ë‰´ìŠ¤
1270,@SBS8news
1271,Redbrick
1272,@RedbrickLand
1273,aramco
1274,@aramco
1275,Gryptoã€ˆczlove.ethã€‰.eth
1276,@CzloveEth
1277,GreeceInTurkiye
1278,@greece_turkiye
1279,Neon_Art2023
1280,@NArt2023
1281,CoinDesk
1282,@CoinDes39160515
1283,Zuka
1284,@Zuka15837122
1285,Bored Ape Buff Club.eth
1286,@buff_bored
1287,mothfly.eth
1288,@MothflyE
1289,SBS ë‰´ìŠ¤
1290,@SBS8news
1291,Redbrick
1292,@RedbrickLand
1293,aramco
1294,@aramco
1295,O G LE minting now
1296,@OGLEmintingnow1
1297,Crystal
1298,@Crystal47874634
1299,MrMimi 
1300,@MrMimi42685218
1301,BÃ¼yÃ¼k TÃ¼rk ATATÃœRK
1302,@BykTrkATATRK6
1303,DasDinggo 
1304,@das_dinggo
1305,On.eth
1306,@Oneth27700150
1307,HandsomeBastard.eth .eth
1308,@HandsomeBasta14
1309,Hihan
1310,@Hihan02861430
1311,Efe EfeoÄŸlu
1312,@EfeEfeo66569613
1313,Rumen Doggett
1314,@doggett_rumen
1315,slh.akt
1316,@akt_slh
1317,0xytoken.eth.eth
1318,@0xytokenEth
1319,HOCINE HASSAN.eth
1320,@eth_hocine98218
1321,GÃ–KSEL
1322,@GKSEL83412162
1323,web3.eth
1324,@web3eth22021115
1325,NaseefGafoor.eth/tez.eth
1326,@NaseefgafoorE
1327,Webull.eth
1328,@Webulle85616016
1329,Bit Bucks
1330,@bucks_bit
1331, ğ•²Ã¶ğ–ğ–ğ–†ğ–“ ğ•¶ğ–Šğ–˜ğ–ğ–ğ–“ğ–”ÄŸğ–‘ğ–š 
1332,@312HaKOCmc1CjBs
1333,Gryptoã€ˆczlove.ethã€‰.eth
1334,@CzloveEth
1335,GreeceInTurkiye
1336,@greece_turkiye
1337,Neon_Art2023
1338,@NArt2023
1339,CoinDesk
1340,@CoinDes39160515
1341,Zuka
1342,@Zuka15837122
1343,Bored Ape Buff Club.eth
1344,@buff_bored
1345,mothfly.eth
1346,@MothflyE
1347,SBS ë‰´ìŠ¤
1348,@SBS8news
1349,Redbrick
1350,@RedbrickLand
1351,aramco
1352,@aramco
1353,O G LE minting now
1354,@OGLEmintingnow1
1355,Crystal
1356,@Crystal47874634
1357,MrMimi 
1358,@MrMimi42685218
1359,BÃ¼yÃ¼k TÃ¼rk ATATÃœRK
1360,@BykTrkATATRK6
1361,DasDinggo 
1362,@das_dinggo
1363,On.eth
1364,@Oneth27700150
1365,HandsomeBastard.eth .eth
1366,@HandsomeBasta14
1367,Hihan
1368,@Hihan02861430
1369,Efe EfeoÄŸlu
1370,@EfeEfeo66569613
1371,Rumen Doggett
1372,@doggett_rumen
1373,slh.akt
1374,@akt_slh
1375,0xytoken.eth.eth
1376,@0xytokenEth
1377,HOCINE HASSAN.eth
1378,@eth_hocine98218
1379,GÃ–KSEL
1380,@GKSEL83412162
1381,web3.eth
1382,@web3eth22021115
1383,NaseefGafoor.eth/tez.eth
1384,@NaseefgafoorE
1385,Webull.eth
1386,@Webulle85616016
1387,Bit Bucks
1388,@bucks_bit
1389, ğ•²Ã¶ğ–ğ–ğ–†ğ–“ ğ•¶ğ–Šğ–˜ğ–ğ–ğ–“ğ–”ÄŸğ–‘ğ–š 
1390,@312HaKOCmc1CjBs
1391,Gryptoã€ˆczlove.ethã€‰.eth
1392,@CzloveEth
1393,GreeceInTurkiye
1394,@greece_turkiye
1395,Neon_Art2023
1396,@NArt2023
1397,CoinDesk
1398,@CoinDes39160515
1399,Zuka
1400,@Zuka15837122
1401,Bored Ape Buff Club.eth
1402,@buff_bored
1403,mothfly.eth
1404,@MothflyE
1405,SBS ë‰´ìŠ¤
1406,@SBS8news
1407,Redbrick
1408,@RedbrickLand
1409,aramco
1410,@aramco
1411,O G LE minting now
1412,@OGLEmintingnow1
1413,Crystal
1414,@Crystal47874634
1415,MrMimi 
1416,@MrMimi42685218
1417,BÃ¼yÃ¼k TÃ¼rk ATATÃœRK
1418,@BykTrkATATRK6
1419,DasDinggo 
1420,@das_dinggo
1421,On.eth
1422,@Oneth27700150
1423,HandsomeBastard.eth .eth
1424,@HandsomeBasta14
1425,Hihan
1426,@Hihan02861430
1427,Efe EfeoÄŸlu
1428,@EfeEfeo66569613
1429,Rumen Doggett
1430,@doggett_rumen
1431,slh.akt
1432,@akt_slh
1433,0xytoken.eth.eth
1434,@0xytokenEth
1435,HOCINE HASSAN.eth
1436,@eth_hocine98218
1437,GÃ–KSEL
1438,@GKSEL83412162
1439,web3.eth
1440,@web3eth22021115
1441,NaseefGafoor.eth/tez.eth
1442,@NaseefgafoorE
1443,Webull.eth
1444,@Webulle85616016
1445,Bit Bucks
1446,@bucks_bit
1447, ğ•²Ã¶ğ–ğ–ğ–†ğ–“ ğ•¶ğ–Šğ–˜ğ–ğ–ğ–“ğ–”ÄŸğ–‘ğ–š 
1448,@312HaKOCmc1CjBs
1449,Gryptoã€ˆczlove.ethã€‰.eth
1450,@CzloveEth
1451,GreeceInTurkiye
1452,@greece_turkiye
1453,Neon_Art2023
1454,@NArt2023
1455,CoinDesk
1456,@CoinDes39160515
1457,Zuka
1458,@Zuka15837122
1459,Bored Ape Buff Club.eth
1460,@buff_bored
1461,mothfly.eth
1462,@MothflyE
1463,SBS ë‰´ìŠ¤
1464,@SBS8news
1465,Redbrick
1466,@RedbrickLand
1467,aramco
1468,@aramco
1469,O G LE minting now
1470,@OGLEmintingnow1
1471,Crystal
1472,@Crystal47874634
1473,MrMimi 
1474,@MrMimi42685218
1475,BÃ¼yÃ¼k TÃ¼rk ATATÃœRK
1476,@BykTrkATATRK6
1477,DasDinggo 
1478,@das_dinggo
1479,On.eth
1480,@Oneth27700150
1481,HandsomeBastard.eth .eth
1482,@HandsomeBasta14
1483,Hihan
1484,@Hihan02861430
1485,Efe EfeoÄŸlu
1486,@EfeEfeo66569613
1487,Rumen Doggett
1488,@doggett_rumen
1489,slh.akt
1490,@akt_slh
1491,0xytoken.eth.eth
1492,@0xytokenEth
1493,HOCINE HASSAN.eth
1494,@eth_hocine98218
1495,GÃ–KSEL
1496,@GKSEL83412162
1497,web3.eth
1498,@web3eth22021115
1499,NaseefGafoor.eth/tez.eth
1500,@NaseefgafoorE
1501,Webull.eth
1502,@Webulle85616016
1503,Bit Bucks
1504,@bucks_bit
1505, ğ•²Ã¶ğ–ğ–ğ–†ğ–“ ğ•¶ğ–Šğ–˜ğ–ğ–ğ–“ğ–”ÄŸğ–‘ğ–š 
1506,@312HaKOCmc1CjBs
1507,Gryptoã€ˆczlove.ethã€‰.eth
1508,@CzloveEth
1509,GreeceInTurkiye
1510,@greece_turkiye
1511,Neon_Art2023
1512,@NArt2023
1513,CoinDesk
1514,@CoinDes39160515
1515,Zuka
1516,@Zuka15837122
1517,Bored Ape Buff Club.eth
1518,@buff_bored
1519,mothfly.eth
1520,@MothflyE
1521,SBS ë‰´ìŠ¤
1522,@SBS8news
1523,Redbrick
1524,@RedbrickLand
1525,aramco
1526,@aramco
1527,O G LE minting now
1528,@OGLEmintingnow1
1529,Crystal
1530,@Crystal47874634
1531,MrMimi 
1532,@MrMimi42685218
1533,BÃ¼yÃ¼k TÃ¼rk ATATÃœRK
1534,@BykTrkATATRK6
1535,DasDinggo 
1536,@das_dinggo
1537,On.eth
1538,@Oneth27700150
1539,HandsomeBastard.eth .eth
1540,@HandsomeBasta14
1541,Hihan
1542,@Hihan02861430
1543,Efe EfeoÄŸlu
1544,@EfeEfeo66569613
1545,Rumen Doggett
1546,@doggett_rumen
1547,slh.akt
1548,@akt_slh
1549,0xytoken.eth.eth
1550,@0xytokenEth
1551,HOCINE HASSAN.eth
1552,@eth_hocine98218
1553,GÃ–KSEL
1554,@GKSEL83412162
1555,web3.eth
1556,@web3eth22021115
1557,NaseefGafoor.eth/tez.eth
1558,@NaseefgafoorE
1559,Webull.eth
1560,@Webulle85616016
1561,Bit Bucks
1562,@bucks_bit
1563, ğ•²Ã¶ğ–ğ–ğ–†ğ–“ ğ•¶ğ–Šğ–˜ğ–ğ–ğ–“ğ–”ÄŸğ–‘ğ–š 
1564,@312HaKOCmc1CjBs
1565,Gryptoã€ˆczlove.ethã€‰.eth
1566,@CzloveEth
1567,GreeceInTurkiye
1568,@greece_turkiye
1569,Neon_Art2023
1570,@NArt2023
1571,CoinDesk
1572,@CoinDes39160515
1573,Zuka
1574,@Zuka15837122
1575,Bored Ape Buff Club.eth
1576,@buff_bored
1577,mothfly.eth
1578,@MothflyE
1579,SBS ë‰´ìŠ¤
1580,@SBS8news
1581,Redbrick
1582,@RedbrickLand
1583,aramco
1584,@aramco
1585,O G LE minting now
1586,@OGLEmintingnow1
1587,Crystal
1588,@Crystal47874634
1589,MrMimi 
1590,@MrMimi42685218
1591,BÃ¼yÃ¼k TÃ¼rk ATATÃœRK
1592,@BykTrkATATRK6
1593,DasDinggo 
1594,@das_dinggo
1595,On.eth
1596,@Oneth27700150
1597,HandsomeBastard.eth .eth
1598,@HandsomeBasta14
1599,Hihan
1600,@Hihan02861430
1601,Efe EfeoÄŸlu
1602,@EfeEfeo66569613
1603,Rumen Doggett
1604,@doggett_rumen
1605,slh.akt
1606,@akt_slh
1607,0xytoken.eth.eth
1608,@0xytokenEth
1609,HOCINE HASSAN.eth
1610,@eth_hocine98218
1611,GÃ–KSEL
1612,@GKSEL83412162
1613,web3.eth
1614,@web3eth22021115
1615,NaseefGafoor.eth/tez.eth
1616,@NaseefgafoorE
1617,Webull.eth
1618,@Webulle85616016
1619,Bit Bucks
1620,@bucks_bit
1621, ğ•²Ã¶ğ–ğ–ğ–†ğ–“ ğ•¶ğ–Šğ–˜ğ–ğ–ğ–“ğ–”ÄŸğ–‘ğ–š 
1622,@312HaKOCmc1CjBs
1623,Gryptoã€ˆczlove.ethã€‰.eth
1624,@CzloveEth
1625,GreeceInTurkiye
1626,@greece_turkiye
1627,Neon_Art2023
1628,@NArt2023
1629,CoinDesk
1630,@CoinDes39160515
1631,Zuka
1632,@Zuka15837122
1633,Bored Ape Buff Club.eth
1634,@buff_bored
1635,mothfly.eth
1636,@MothflyE
1637,SBS ë‰´ìŠ¤
1638,@SBS8news
1639,Redbrick
1640,@RedbrickLand
1641,aramco
1642,@aramco
1643,O G LE minting now
1644,@OGLEmintingnow1
1645,Crystal
1646,@Crystal47874634
1647,MrMimi 
1648,@MrMimi42685218
1649,BÃ¼yÃ¼k TÃ¼rk ATATÃœRK
1650,@BykTrkATATRK6
1651,DasDinggo 
1652,@das_dinggo
1653,On.eth
1654,@Oneth27700150
1655,HandsomeBastard.eth .eth
1656,@HandsomeBasta14
1657,Hihan
1658,@Hihan02861430
1659,Efe EfeoÄŸlu
1660,@EfeEfeo66569613
1661,Rumen Doggett
1662,@doggett_rumen
1663,slh.akt
1664,@akt_slh
1665,0xytoken.eth.eth
1666,@0xytokenEth
1667,HOCINE HASSAN.eth
1668,@eth_hocine98218
1669,GÃ–KSEL
1670,@GKSEL83412162
1671,web3.eth
1672,@web3eth22021115
1673,NaseefGafoor.eth/tez.eth
1674,@NaseefgafoorE
1675,Webull.eth
1676,@Webulle85616016
1677,Bit Bucks
1678,@bucks_bit
1679, ğ•²Ã¶ğ–ğ–ğ–†ğ–“ ğ•¶ğ–Šğ–˜ğ–ğ–ğ–“ğ–”ÄŸğ–‘ğ–š 
1680,@312HaKOCmc1CjBs
1681,Gryptoã€ˆczlove.ethã€‰.eth
1682,@CzloveEth
1683,GreeceInTurkiye
1684,@greece_turkiye
1685,Neon_Art2023
1686,@NArt2023
1687,CoinDesk
1688,@CoinDes39160515
1689,Zuka
1690,@Zuka15837122
1691,Bored Ape Buff Club.eth
1692,@buff_bored
1693,mothfly.eth
1694,@MothflyE
1695,SBS ë‰´ìŠ¤
1696,@SBS8news
1697,Redbrick
1698,@RedbrickLand
1699,aramco
1700,@aramco
1701,O G LE minting now
1702,@OGLEmintingnow1
1703,Crystal
1704,@Crystal47874634
1705,MrMimi 
1706,@MrMimi42685218
1707,BÃ¼yÃ¼k TÃ¼rk ATATÃœRK
1708,@BykTrkATATRK6
1709,DasDinggo 
1710,@das_dinggo
1711,On.eth
1712,@Oneth27700150
1713,HandsomeBastard.eth .eth
1714,@HandsomeBasta14
1715,Hihan
1716,@Hihan02861430
1717,Efe EfeoÄŸlu
1718,@EfeEfeo66569613
1719,Rumen Doggett
1720,@doggett_rumen
1721,slh.akt
1722,@akt_slh
1723,0xytoken.eth.eth
1724,@0xytokenEth
1725,HOCINE HASSAN.eth
1726,@eth_hocine98218
1727,GÃ–KSEL
1728,@GKSEL83412162
1729,web3.eth
1730,@web3eth22021115
1731,NaseefGafoor.eth/tez.eth
1732,@NaseefgafoorE
1733,Webull.eth
1734,@Webulle85616016
1735,Bit Bucks
1736,@bucks_bit
1737, ğ•²Ã¶ğ–ğ–ğ–†ğ–“ ğ•¶ğ–Šğ–˜ğ–ğ–ğ–“ğ–”ÄŸğ–‘ğ–š 
1738,@312HaKOCmc1CjBs
1739,Gryptoã€ˆczlove.ethã€‰.eth
1740,@CzloveEth
1741,GreeceInTurkiye
1742,@greece_turkiye
1743,Neon_Art2023
1744,@NArt2023
1745,CoinDesk
1746,@CoinDes39160515
1747,Zuka
1748,@Zuka15837122
1749,Bored Ape Buff Club.eth
1750,@buff_bored
1751,mothfly.eth
1752,@MothflyE
1753,SBS ë‰´ìŠ¤
1754,@SBS8news
1755,Redbrick
1756,@RedbrickLand
1757,aramco
1758,@aramco
